Elev_m,Temp_C,TDS_mgl,DO_mgl
168.0045408,10.95166667,34,10.66
167.1666456,10.91388889,34,10.6
166.2376152,10.87333333,34,10.54
165.2555496,10.87111111,34,10.46
164.3408448,10.85777778,34,10.35
163.21278,10.61722222,34,10.28
162.4059744,10.38611111,34,10.23
161.6583,10.17333333,34,10.19
160.702752,10.13888889,34,10.17
159.8468736,9.785,34,10.16
158.8529208,9.408888889,34,10.15
157.9857648,9.361666667,34,10.14
157.0942248,9.235,34,10.12
157.0500288,9.244444444,34,10.12
156.168852,9.173888889,34,10.13
153.0208776,8.805,34,10.13
150.2825544,8.386111111,34,10.13
147.0193656,8.313888889,35,10.09
144.024096,8.227777778,35,10.05
140.8944096,8.026111111,35,10.04
137.9506512,7.967777778,35,10.03
134.9812896,7.895555556,35,10
132.0024792,7.901111111,35,9.95
131.8311816,7.901666667,37,9.8
128.6338296,7.887777778,38,9.84
125.5370616,7.855,38,9.84
122.653044,7.798888889,38,9.84
119.4928776,7.747777778,38,9.84
116.4113496,7.692222222,38,9.84
116.3235672,7.689444444,38,9.84
