Elev_m,Temp_C,TDS_mgl,DO_mgl
155.7723072,11.67,36,8.8
155.4824424,11.64388889,36,8.9
154.649424,11.51,36,9.08
153.6889992,11.28944444,33,9.18
152.7313176,11.27111111,28,9.6
151.8794016,11.25444444,27,9.05
150.8845344,11.24777778,28,8.7
149.7525072,11.24,30,8.03
149.1212664,11.23388889,32,7.84
148.0776312,11.22611111,33,7.88
147.3104496,11.225,35,8.15
144.1789344,11.21,39,7.35
141.2040864,11.19222222,41,6.8
138.1237776,11.02944444,35.38461538,7.185
135.0129888,10.61333333,35.38461538,7.185
131.9637696,10.42722222,35.38461538,7.185
129.0108672,10.35666667,35.38461538,7.185
127.0479552,10.27333333,35.38461538,7.185
127.1720088,10.26888889,35.38461538,7.185
118.045992,10.02,35.38461538,7.185
108.901992,10.02,35.38461538,7.185
99.757992,10.02,35.38461538,7.185
90.613992,10.02,35.38461538,7.185
81.469992,10.02,35.38461538,7.185
