Elev_m,Temp_C,TDS_mgl,DO_mgl
171.5024256,21.03388889,32,9.82
170.5737,20.50388889,32,9.83
169.6443648,20.25444444,32,9.89
169.1042592,20.02222222,32,9.94
167.8591512,19.91833333,32,9.99
167.3601936,19.84944444,32,9.99
166.1492232,19.49333333,32,9.92
165.1430784,15.03666667,31,10.12
162.091116,13.13111111,27,10.13
158.8340232,12.61611111,27,10.02
155.9655504,12.26555556,28,9.94
152.9184648,11.88666667,29,9.9
150.17496,11.56444444,30,9.85
146.8063104,11.34166667,32,9.82
143.5659816,11.07444444,32,9.77
140.3061456,10.64277778,33,9.67
137.272776,10.11555556,34,9.45
134.4646536,9.968333333,34,9.33
131.783328,9.732222222,34,9.19
128.3140944,9.582777778,35,9.11
125.5422432,9.434444444,35,9.06
122.4043272,9.390555556,35,9.04
119.4794664,9.284444444,35,9.01
116.272056,9.231666667,35,8.97
113.163096,9.144444444,35,8.92
110.0489544,9.022777778,36,8.83
107.102148,8.978333333,36,8.74
104.086152,8.920555556,36,8.61
101.2487688,8.875555556,36,8.4
98.232468,8.856111111,37,8.18
96.990408,8.857777778,37,7.36
