Elev_m,Temp_C,TDS_mgl,DO_mgl
153.6749784,12.49,36,8.75
152.6862072,12.42666667,36,8.8
151.8022872,12.42722222,36,8.86
150.8778288,12.42888889,36,9.05
150.0155496,12.41722222,36,9.08
149.0740224,12.39777778,36,9.08
148.146516,12.395,36,9.08
147.2068176,12.39,36,9
146.332956,12.38166667,36,8.93
145.4548272,12.38111111,33,9.18
144.5462184,12.37722222,29,9.63
143.5641528,12.36944444,27,9.59
142.6253688,12.37555556,27,9.01
141.7103592,12.37722222,27,8.9
140.8910568,12.37722222,28,8.35
139.9446528,12.36388889,30,8.08
138.9808752,12.35055556,30,7.92
138.0808008,12.34166667,31,7.84
137.1883464,12.33333333,32,7.84
136.2251784,12.33111111,32,7.84
135.4067904,12.33,33,7.85
134.4622152,12.32888889,33,7.88
133.5353184,12.32777778,34,7.98
132.6315864,12.28833333,35,8.12
131.7275496,12.25,35,8.12
130.8329616,12.20388889,35,8.12
129.8801568,12.09222222,35,8.12
128.9124168,11.74777778,35,8.12
126.1868952,11.48944444,35,8.12
123.1510872,11.19555556,35,8.12
120.0884568,10.89166667,35,8.12
117.05082,10.67,35,8.12
113.7784872,10.55444444,35,8.12
110.8109544,10.35222222,35,8.12
107.7861192,10.30333333,35,8.12
104.7497016,10.28722222,35,8.12
101.7205992,10.20944444,35,8.12
98.7137472,10.22555556,35,8.12
95.6913504,10.20444444,35,8.12
92.6174424,10.19777778,35,8.12
92.0916624,10.19722222,35,8.12
